IS_OBSERVED,SOURCE,TARGET,TIME,TYPE,EVENT,TIME_POINT,TIME_UNIT,EVENT_INTERVAL,sender_activity,receiver_popularity,repetition,reciprocity,is.ICRs,is.ICRr,closure
1,32,16,2,call,42,3,2,2,0,0,0,1,1,0,0
0,6,33,2,,42,3,2,2,0,0,0,0,0,0,0
1,16,32,3,call,43,4,3,3,1,1,1,1,0,1,0
0,5,22,3,,43,4,3,3,0,0,0,0,0,0,0
1,16,32,4,call,44,5,4,4,2,2,2,1,0,1,0
0,26,21,4,,44,5,4,4,0,0,0,0,0,0,0
1,11,32,5,call,45,6,5,5,0,3,0,0,0,1,0
1,11,32,6,call,46,7,6,6,1,4,1,0,0,1,0
0,23,37,6,,46,7,6,6,0,0,0,0,0,0,0
1,11,32,7,call,47,8,7,7,2,5,2,0,0,1,0
0,20,10,7,,47,8,7,7,0,0,0,0,0,0,0
1,36,32,8,call,48,9,8,8,0,6,0,0,0,1,0
0,15,22,8,,48,9,8,8,0,0,0,0,0,0,0
1,8,32,9,call,49,10,9,9,0,7,0,0,0,1,0
0,11,15,9,,49,10,9,9,3,0,0,0,0,0,0
1,8,32,10,call,50,11,10,10,1,8,1,0,0,1,0
0,9,21,10,,50,11,10,10,0,0,0,0,0,0,0
1,32,8,11,call,51,12,11,11,1,0,0,2,1,0,0
0,31,6,11,,51,12,11,11,0,0,0,0,0,0,0
1,16,32,12,call,52,13,12,12,3,9,3,1,0,1,0
0,9,8,12,,52,13,12,12,0,1,0,0,0,0,0
1,8,32,13,call,53,14,13,13,2,10,2,1,0,1,0
0,11,1,13,,53,14,13,13,3,0,0,0,0,0,0
1,26,32,14,call,54,15,14,14,0,11,0,0,0,1,0
0,16,8,14,,54,15,14,14,4,1,0,0,0,0,12
1,32,26,15,call,55,16,15,15,2,0,0,1,1,0,0
0,35,32,15,,55,16,15,15,0,12,0,0,0,1,0
1,26,32,16,call,56,17,16,16,1,12,1,1,0,1,0
0,35,24,16,,56,17,16,16,0,0,0,0,0,0,0
1,32,26,17,call,57,18,17,17,3,1,1,2,1,0,0
0,17,28,17,,57,18,17,17,0,0,0,0,0,0,0
1,26,32,18,call,58,19,18,18,2,13,2,2,0,1,0
0,22,19,18,,58,19,18,18,0,0,0,0,0,0,0
1,32,26,19,call,59,20,19,19,4,2,2,3,1,0,0
0,26,36,19,,59,20,19,19,3,0,0,0,0,0,3
1,16,32,20,call,60,21,20,20,4,14,4,1,0,1,0
0,33,37,20,,60,21,20,20,0,0,0,0,0,0,0
1,16,32,21,call,61,22,21,21,5,15,5,1,0,1,0
0,3,22,21,,61,22,21,21,0,0,0,0,0,0,0
1,27,32,22,call,62,23,22,22,0,16,0,0,0,1,0
0,35,31,22,,62,23,22,22,0,0,0,0,0,0,0
1,20,32,23,call,63,24,23,23,0,17,0,0,0,1,0
0,2,19,23,,63,24,23,23,0,0,0,0,0,0,0
1,32,20,24,call,64,25,24,24,5,0,0,1,1,0,0
0,31,18,24,,64,25,24,24,0,0,0,0,0,0,0
1,20,32,25,call,65,26,25,25,1,18,1,1,0,1,0
0,4,21,25,,65,26,25,25,0,0,0,0,0,0,0
1,32,20,26,call,66,27,26,26,6,1,1,2,1,0,0
0,1,19,26,,66,27,26,26,0,0,0,0,0,0,0
1,32,16,27,call,67,28,27,27,7,1,1,6,1,0,0
0,27,20,27,,67,28,27,27,1,2,0,0,0,0,2
1,16,32,28,call,68,29,28,28,6,19,6,2,0,1,0
0,18,16,28,,68,29,28,28,0,2,0,0,0,0,0
1,32,16,29,call,69,30,29,29,8,2,2,7,1,0,0
0,27,2,29,,69,30,29,29,1,0,0,0,0,0,0
1,32,16,30,call,70,31,30,30,9,3,3,7,1,0,0
0,12,9,30,,70,31,30,30,0,0,0,0,0,0,0
1,16,32,31,call,71,32,31,31,7,20,7,4,0,1,0
0,13,22,31,,71,32,31,31,0,0,0,0,1,0,0
1,32,22,32,call,72,33,32,32,10,0,0,0,1,0,0
0,22,18,32,,72,33,32,32,0,0,0,0,0,0,0
1,3,32,33,call,73,34,33,33,0,21,0,0,0,1,0
0,24,13,33,,73,34,33,33,0,0,0,0,0,1,0
1,32,3,34,call,74,35,34,34,11,0,0,1,1,0,0
0,20,35,34,,74,35,34,34,2,0,0,0,0,0,0
1,3,32,35,call,75,36,35,35,1,22,1,1,0,1,0
0,13,25,35,,75,36,35,35,0,0,0,0,1,0,0
1,32,3,36,call,76,37,36,36,12,1,1,2,1,0,0
0,32,13,36,,76,37,36,36,12,0,0,0,1,1,0
1,32,16,37,call,77,38,37,37,13,4,4,8,1,0,0
0,27,12,37,,77,38,37,37,1,0,0,0,0,0,0
1,16,32,38,call,78,39,38,38,8,23,8,5,0,1,0
0,25,37,38,,78,39,38,38,0,0,0,0,0,0,0
1,32,16,39,call,79,40,39,39,14,5,5,9,1,0,0
0,12,36,39,,79,40,39,39,0,0,0,0,0,0,0
1,3,32,40,call,80,41,40,40,2,24,2,2,0,1,0
0,37,18,40,,80,41,40,40,0,0,0,0,0,0,0
1,3,32,41,call,81,42,41,41,3,25,3,2,0,1,0
0,37,22,41,,81,42,41,41,0,1,0,0,0,0,0
1,32,3,42,call,82,43,42,42,15,2,2,4,1,0,0
0,5,3,42,,82,43,42,42,0,2,0,0,0,0,0
1,3,32,43,call,83,44,43,43,4,26,4,3,0,1,0
0,2,12,43,,83,44,43,43,0,0,0,0,0,0,0
1,16,3,44,call,84,45,44,44,9,3,0,0,0,0,45
0,14,7,44,,84,45,44,44,0,0,0,0,1,0,0
1,16,11,45,call,85,46,45,45,10,0,0,0,0,0,27
0,13,4,45,,85,46,45,45,0,0,0,0,1,0,0
1,11,16,46,call,86,47,46,46,3,6,0,1,0,0,27
0,35,21,46,,86,47,46,46,0,0,0,0,0,0,0
1,16,11,47,call,87,48,47,47,11,1,1,1,0,0,27
0,19,1,47,,87,48,47,47,0,0,0,0,0,0,0
1,11,16,48,call,88,49,48,48,4,7,1,2,0,0,27
0,29,28,48,,88,49,48,48,0,0,0,0,0,0,0
1,16,11,49,call,89,50,49,49,12,2,2,2,0,0,27
0,3,4,49,,89,50,49,49,5,0,0,0,0,0,0
1,11,16,50,call,90,51,50,50,5,8,2,3,0,0,27
0,7,30,50,,90,51,50,50,0,0,0,0,0,0,0
1,24,36,51,call,91,52,51,51,0,0,0,0,0,0,0
0,19,8,51,,91,52,51,51,0,1,0,0,0,0,0
1,24,36,52,call,92,53,52,52,1,1,1,0,0,0,0
0,16,9,52,,92,53,52,52,13,0,0,0,0,0,0
1,15,32,53,call,93,54,53,53,0,27,0,0,0,1,0
0,4,18,53,,93,54,53,53,0,0,0,0,0,0,0
1,32,15,54,call,94,55,54,54,16,0,0,1,1,0,0
0,8,1,54,,94,55,54,54,3,0,0,0,0,0,0
1,15,32,55,call,95,56,55,55,1,28,1,1,0,1,0
1,32,15,56,call,96,57,56,56,17,1,1,2,1,0,0
0,28,2,56,,96,57,56,56,0,0,0,0,0,0,0
1,15,32,57,call,97,58,57,57,2,29,2,2,0,1,0
0,21,19,57,,97,58,57,57,0,0,0,0,0,0,0
1,32,15,58,call,98,59,58,58,18,2,2,3,1,0,0
0,15,10,58,,98,59,58,58,3,0,0,0,0,0,0
1,22,32,59,call,99,60,59,59,0,30,0,1,0,1,0
0,37,9,59,,99,60,59,59,0,0,0,0,0,0,0
1,32,22,60,call,100,61,60,60,19,1,1,1,1,0,0
0,27,11,60,,100,61,60,60,1,3,0,0,0,0,3
1,15,32,61,call,101,62,61,61,3,31,3,3,0,1,0
0,6,21,61,,101,62,61,61,0,0,0,0,0,0,0
1,32,15,62,call,102,63,62,62,20,3,3,4,1,0,0
0,20,3,62,,102,63,62,62,2,4,0,0,0,0,10
1,15,32,63,call,103,64,63,63,4,32,4,4,0,1,0
0,30,3,63,,103,64,63,63,0,4,0,0,0,0,0
1,32,15,64,call,104,65,64,64,21,4,4,5,1,0,0
0,11,21,64,,104,65,64,64,6,0,0,0,0,0,0
1,18,32,65,call,105,66,65,65,0,33,0,0,0,1,0
0,31,32,65,,105,66,65,65,0,33,0,0,0,1,0
1,32,18,66,call,106,67,66,66,22,0,0,1,1,0,0
0,26,27,66,,106,67,66,66,3,0,0,0,0,0,3
1,18,32,67,call,107,68,67,67,1,34,1,1,0,1,0
0,4,20,67,,107,68,67,67,0,2,0,0,0,0,0
1,19,32,68,call,108,69,68,68,0,35,0,0,0,1,0
1,32,19,69,call,109,70,69,69,23,0,0,1,1,0,0
0,19,14,69,,109,70,69,69,1,0,0,0,0,1,0
1,19,32,70,call,110,71,70,70,1,36,1,1,0,1,0
0,2,13,70,,110,71,70,70,0,0,0,0,0,1,0
1,32,19,71,call,111,72,71,71,24,1,1,2,1,0,0
0,19,18,71,,111,72,71,71,2,1,0,0,0,0,4
1,19,32,72,call,112,73,72,72,2,37,2,2,0,1,0
0,21,7,72,,112,73,72,72,0,0,0,0,0,0,0
1,16,32,73,call,113,74,73,73,13,38,9,6,0,1,3
0,2,10,73,,113,74,73,73,0,0,0,0,0,0,0
1,32,16,74,call,114,75,74,74,25,9,6,10,1,0,3
0,34,3,74,,114,75,74,74,0,4,0,0,0,0,0
1,16,32,75,call,115,76,75,75,14,39,10,7,0,1,3
0,16,2,75,,115,76,75,75,14,0,0,0,0,0,0
1,32,16,76,call,116,77,76,76,26,10,7,11,1,0,3
0,25,7,76,,116,77,76,76,0,0,0,0,0,0,0
1,36,16,77,call,117,78,77,77,1,11,0,0,0,0,11
0,12,37,77,,117,78,77,77,0,0,0,0,0,0,0
1,16,36,78,call,118,79,78,78,15,2,0,1,0,0,11
0,35,29,78,,118,79,78,78,0,0,0,0,0,0,0
1,36,16,79,call,119,80,79,79,2,12,1,1,0,0,11
0,14,20,79,,119,80,79,79,0,2,0,0,1,0,0
1,16,36,80,call,120,81,80,80,16,3,1,2,0,0,11
0,14,13,80,,120,81,80,80,0,0,0,0,1,1,0
1,36,16,81,call,121,82,81,81,3,13,2,2,0,0,11
0,5,37,81,,121,82,81,81,0,0,0,0,0,0,0
1,16,36,82,call,122,83,82,82,17,4,2,3,0,0,11
0,21,1,82,,122,83,82,82,0,0,0,0,0,0,0
1,27,32,83,call,123,84,83,83,1,40,1,0,0,1,0
0,26,27,83,,123,84,83,83,3,0,0,0,0,0,3
1,32,16,84,call,124,85,84,84,27,14,8,11,1,0,3
0,18,10,84,,124,85,84,84,2,0,0,0,0,0,0
1,16,32,85,call,125,86,85,85,18,41,11,9,0,1,3
1,32,16,86,call,126,87,86,86,28,15,9,12,1,0,3
0,21,30,86,,126,87,86,86,0,0,0,0,0,0,0
1,16,32,87,call,127,88,87,87,19,42,12,10,0,1,3
0,24,17,87,,127,88,87,87,2,0,0,0,0,0,0
1,32,16,88,call,128,89,88,88,29,16,10,13,1,0,3
0,35,16,88,,128,89,88,88,0,16,0,0,0,0,0
1,22,15,89,call,129,90,89,89,1,5,0,0,0,0,5
0,25,4,89,,129,90,89,89,0,0,0,0,0,0,0
1,15,22,90,call,130,91,90,90,5,2,0,1,0,0,5
0,7,15,90,,130,91,90,90,0,6,0,0,0,0,0
1,22,15,91,call,131,92,91,91,2,6,1,1,0,0,5
0,22,1,91,,131,92,91,91,2,0,0,0,0,0,0
1,15,22,92,call,132,93,92,92,6,3,1,2,0,0,5
0,19,2,92,,132,93,92,92,3,0,0,0,0,0,0
1,22,15,93,call,133,94,93,93,3,7,2,2,0,0,5
0,14,29,93,,133,94,93,93,0,0,0,0,1,0,0
1,16,22,94,call,134,95,94,94,20,4,0,0,0,0,13
0,27,7,94,,134,95,94,94,2,0,0,0,0,0,0
1,22,16,95,call,135,96,95,95,4,17,0,1,0,0,13
0,3,34,95,,135,96,95,95,5,0,0,0,0,0,0
1,16,22,96,call,136,97,96,96,21,5,1,1,0,0,13
0,29,8,96,,136,97,96,96,0,1,0,0,0,0,0
1,22,11,97,call,137,98,97,97,5,3,0,0,0,0,6
0,16,14,97,,137,98,97,97,22,0,0,0,0,1,0
1,11,22,98,call,138,99,98,98,6,6,0,1,0,0,6
0,10,16,98,,138,99,98,98,0,18,0,0,0,0,0
1,36,32,99,call,139,100,99,99,4,43,1,0,0,1,33
0,28,8,99,,139,100,99,99,0,1,0,0,0,0,0
1,32,36,100,call,140,101,100,100,30,5,0,2,1,0,33
0,13,35,100,,140,101,100,100,0,0,0,0,1,0,0
1,36,32,101,call,141,102,101,101,5,44,2,1,0,1,33
0,34,4,101,,141,102,101,101,0,0,0,0,0,0,0
1,32,36,102,call,142,103,102,102,31,6,1,3,1,0,33
0,5,7,102,,142,103,102,102,0,0,0,0,0,0,0
1,36,32,103,call,143,104,103,103,6,45,3,2,0,1,33
1,32,36,104,call,144,105,104,104,32,7,2,4,1,0,33
0,1,6,104,,144,105,104,104,0,0,0,0,0,0,0
1,27,32,105,call,145,106,105,105,2,46,2,0,0,1,0
0,9,22,105,,145,106,105,105,0,7,0,0,0,0,0
1,37,32,106,call,146,107,106,106,0,47,0,0,0,1,0
0,13,11,106,,146,107,106,106,0,4,0,0,1,0,0
1,32,37,107,call,147,108,107,107,33,0,0,1,1,0,0
0,35,15,107,,147,108,107,107,0,8,0,0,0,0,0
1,37,32,108,call,148,109,108,108,1,48,1,1,0,1,0
0,11,15,108,,148,109,108,108,7,8,0,0,0,0,17
1,32,37,109,call,149,110,109,109,34,1,1,2,1,0,0
0,18,25,109,,149,110,109,109,2,0,0,0,0,0,0
1,5,32,110,call,150,111,110,110,0,49,0,0,0,1,0
0,10,25,110,,150,111,110,110,0,0,0,0,0,0,0
1,32,5,111,call,151,112,111,111,35,0,0,1,1,0,0
0,1,37,111,,151,112,111,111,0,2,0,0,0,0,0
1,5,32,112,call,152,113,112,112,1,50,1,1,0,1,0
0,19,8,112,,152,113,112,112,3,1,0,0,0,0,9
1,32,5,113,call,153,114,113,113,36,1,1,2,1,0,0
0,30,6,113,,153,114,113,113,0,0,0,0,0,0,0
1,31,36,114,call,154,115,114,114,0,8,0,0,0,0,0
0,6,12,114,,154,115,114,114,0,0,0,0,0,0,0
1,36,31,115,call,155,116,115,115,7,0,0,1,0,0,0
0,25,37,115,,155,116,115,115,0,2,0,0,0,0,0
1,31,36,116,call,156,117,116,116,1,9,1,1,0,0,0
0,29,27,116,,156,117,116,116,0,0,0,0,0,0,0
1,36,31,117,call,157,118,117,117,8,1,1,2,0,0,0
0,33,5,117,,157,118,117,117,0,2,0,0,0,0,0
1,37,32,118,call,158,119,118,118,2,51,2,2,0,1,0
0,12,32,118,,158,119,118,118,0,51,0,0,0,1,0
1,16,32,119,call,159,120,119,119,22,52,13,11,0,1,16
0,3,19,119,,159,120,119,119,5,2,0,0,0,0,15
1,32,16,120,call,160,121,120,120,37,18,11,14,1,0,16
1,16,32,121,call,161,122,121,121,23,53,14,12,0,1,16
0,21,15,121,,161,122,121,121,0,8,0,0,0,0,0
1,32,16,122,call,162,123,122,122,38,19,12,15,1,0,16
0,35,12,122,,162,123,122,122,0,0,0,0,0,0,0
1,29,32,123,call,163,124,123,123,0,54,0,0,0,1,0
0,19,12,123,,163,124,123,123,3,0,0,0,0,0,0
1,32,29,124,call,164,125,124,124,39,0,0,1,1,0,0
0,13,35,124,,164,125,124,124,0,0,0,0,1,0,0
1,37,14,125,call,165,126,125,125,3,0,0,0,0,1,0
0,14,31,125,,165,126,125,125,0,2,0,0,1,0,0
1,29,32,126,call,166,127,126,126,1,55,1,1,0,1,0
0,9,16,126,,166,127,126,126,0,20,0,0,0,0,0
1,31,32,127,call,167,128,127,127,2,56,0,0,0,1,6
0,20,26,127,,167,128,127,127,2,3,0,0,0,0,6
1,32,37,128,call,168,129,128,128,40,2,2,3,1,0,0
0,6,26,128,,168,129,128,128,0,3,0,0,0,0,0
1,16,32,129,call,169,130,129,129,24,57,15,13,0,1,16
0,10,17,129,,169,130,129,129,0,0,0,0,0,0,0
1,32,16,130,call,170,131,130,130,41,20,13,16,1,0,16
0,33,1,130,,170,131,130,130,0,0,0,0,0,0,0
1,16,32,131,call,171,132,131,131,25,58,16,14,0,1,16
0,8,6,131,,171,132,131,131,3,0,0,0,0,0,0
1,32,16,132,call,172,133,132,132,42,21,14,17,1,0,16
0,21,22,132,,172,133,132,132,0,7,0,0,0,0,0
1,16,32,133,call,173,134,133,133,26,59,17,15,0,1,16
0,28,1,133,,173,134,133,133,0,0,0,0,0,0,0
1,36,16,134,call,174,135,134,134,9,22,3,3,0,0,72
0,14,11,134,,174,135,134,134,0,4,0,0,1,0,0
1,16,36,135,call,175,136,135,135,27,10,3,4,0,0,72
0,15,26,135,,175,136,135,135,7,3,0,0,0,0,15
1,36,16,136,call,176,137,136,136,10,23,4,4,0,0,72
0,9,4,136,,176,137,136,136,0,0,0,0,0,0,0
1,16,36,137,call,177,138,137,137,28,11,4,5,0,0,72
0,29,8,137,,177,138,137,137,2,1,0,0,0,0,6
1,29,32,138,call,178,139,138,138,2,60,2,1,0,1,0
0,19,23,138,,178,139,138,138,3,0,0,0,0,0,0
1,8,35,139,call,179,140,139,139,3,0,0,0,0,0,0
0,22,11,139,,179,140,139,139,6,4,1,1,0,0,6
1,32,16,140,call,180,141,140,140,43,24,15,18,1,0,22
0,34,31,140,,180,141,140,140,0,2,0,0,0,0,0
1,8,35,141,call,181,142,141,141,4,1,1,0,0,0,0
0,5,17,141,,181,142,141,141,2,0,0,0,0,0,0
1,32,16,142,call,182,143,142,142,44,25,16,18,1,0,22
0,3,22,142,,182,143,142,142,5,7,0,0,0,0,5
1,16,32,143,call,183,144,143,143,29,61,18,17,0,1,22
0,26,25,143,,183,144,143,143,3,0,0,0,0,0,0
1,32,16,144,call,184,145,144,144,45,26,17,19,1,0,22
0,25,13,144,,184,145,144,144,0,0,0,0,0,1,0
1,16,32,145,call,185,146,145,145,30,62,19,18,0,1,22
0,5,35,145,,185,146,145,145,2,2,0,0,0,0,0
1,22,32,146,call,186,147,146,146,6,63,1,2,0,1,33
0,12,25,146,,186,147,146,146,0,0,0,0,0,0,0
1,32,22,147,call,187,148,147,147,46,7,2,2,1,0,33
0,3,12,147,,187,148,147,147,5,0,0,0,0,0,0
1,22,32,148,call,188,149,148,148,7,64,2,3,0,1,33
0,2,9,148,,188,149,148,148,0,0,0,0,0,0,0
1,32,22,149,call,189,150,149,149,47,8,3,3,1,0,33
0,3,14,149,,189,150,149,149,5,1,0,0,0,1,0
1,27,32,150,call,190,151,150,150,3,65,3,0,0,1,0
0,22,26,150,,190,151,150,150,8,3,0,0,0,0,9
1,32,27,151,call,191,152,151,151,48,0,0,4,1,0,0
0,26,16,151,,191,152,151,151,3,27,0,0,0,0,60
1,27,32,152,call,192,153,152,152,4,66,4,1,0,1,0
0,18,15,152,,192,153,152,152,2,8,0,0,0,0,10
1,32,26,153,call,193,154,153,153,49,3,3,3,1,0,0
0,34,36,153,,193,154,153,153,0,12,0,0,0,0,0
1,22,32,154,call,194,155,154,154,8,67,3,4,0,1,33
0,25,28,154,,194,155,154,154,0,0,0,0,0,0,0
1,32,22,155,call,195,156,155,155,50,9,4,4,1,0,33
0,28,29,155,,195,156,155,155,0,1,0,0,0,0,0
1,22,32,156,call,196,157,156,156,9,68,4,5,0,1,33
0,13,30,156,,196,157,156,156,0,0,0,0,1,0,0
1,32,22,157,call,197,158,157,157,51,10,5,5,1,0,33
0,37,31,157,,197,158,157,157,4,2,0,0,0,0,3
1,22,32,158,call,198,159,158,158,10,69,5,6,0,1,33
0,37,10,158,,198,159,158,158,4,0,0,0,0,0,0
1,32,22,159,call,199,160,159,159,52,11,6,6,1,0,33
0,1,24,159,,199,160,159,159,0,0,0,0,0,0,0
1,22,32,160,call,200,161,160,160,11,70,6,7,0,1,33
0,8,2,160,,200,161,160,160,5,0,0,0,0,0,0
1,32,22,161,call,201,162,161,161,53,12,7,7,1,0,33
0,22,3,161,,201,162,161,161,12,4,0,0,0,0,35
1,16,32,162,call,202,163,162,162,31,71,20,18,0,1,34
0,2,27,162,,202,163,162,162,0,1,0,0,0,0,0
1,32,16,163,call,203,164,163,163,54,27,18,21,1,0,34
0,16,11,163,,203,164,163,163,32,4,3,3,0,0,65
1,16,32,164,call,204,165,164,164,32,72,21,19,0,1,34
1,32,16,165,call,205,166,165,165,55,28,19,22,1,0,34
0,36,31,165,,205,166,165,165,11,2,2,2,0,0,4
1,16,32,166,call,206,167,166,166,33,73,22,20,0,1,34
0,30,36,166,,206,167,166,166,0,12,0,0,0,0,0
1,16,11,167,call,207,168,167,167,34,4,3,3,0,0,71
0,2,12,167,,207,168,167,167,0,0,0,0,0,0,0
1,27,32,168,call,208,169,168,168,5,74,5,1,0,1,0
0,36,21,168,,208,169,168,168,11,0,0,0,0,0,0
1,32,16,169,call,209,170,169,169,56,29,20,23,1,0,34
0,22,9,169,,209,170,169,169,12,0,0,0,0,0,0
1,16,32,170,call,210,171,170,170,35,75,23,21,0,1,34
0,35,14,170,,210,171,170,170,0,1,0,0,0,1,0
1,32,16,171,call,211,172,171,171,57,30,21,24,1,0,34
0,19,29,171,,211,172,171,171,3,1,0,0,0,0,9
1,36,32,172,call,212,173,172,172,11,76,4,3,0,1,110
0,20,35,172,,212,173,172,172,2,2,0,0,0,0,0
1,32,36,173,call,213,174,173,173,58,12,3,5,1,0,110
0,31,19,173,,213,174,173,173,3,2,0,0,0,0,3
1,36,32,174,call,214,175,174,174,12,77,5,4,0,1,110
0,8,16,174,,214,175,174,174,5,31,0,0,0,0,72
1,32,36,175,call,215,176,175,175,59,13,4,6,1,0,110
0,18,31,175,,215,176,175,175,2,2,0,0,0,0,2
1,16,32,176,call,216,177,176,176,36,78,24,22,0,1,44
0,8,19,176,,216,177,176,176,5,2,0,0,0,0,9
1,32,16,177,call,217,178,177,177,60,31,22,25,1,0,44
0,32,30,177,,217,178,177,177,60,0,0,0,1,0,0
1,16,32,178,call,218,179,178,178,37,79,25,23,0,1,44
0,4,31,178,,218,179,178,178,0,2,0,0,0,0,0
1,32,16,179,call,219,180,179,179,61,32,23,26,1,0,44
0,36,24,179,,219,180,179,179,13,0,0,2,0,0,0
1,16,32,180,call,220,181,180,180,38,80,26,24,0,1,44
0,13,18,180,,220,181,180,180,0,1,0,0,1,0,0
1,32,16,181,call,221,182,181,181,62,33,24,27,1,0,44
0,9,5,181,,221,182,181,181,0,2,0,0,0,0,0
1,16,32,182,call,222,183,182,182,39,81,27,25,0,1,44
0,24,30,182,,222,183,182,182,2,0,0,0,0,0,0
1,10,2,183,call,223,184,183,183,0,0,0,0,0,0,0
0,11,12,183,,223,184,183,183,7,0,0,0,0,0,0
1,2,10,184,call,224,185,184,184,0,0,0,1,0,0,0
0,30,12,184,,224,185,184,184,0,0,0,0,0,0,0
1,10,26,185,call,225,186,185,185,1,4,0,0,0,0,0
0,6,30,185,,225,186,185,185,0,0,0,0,0,0,0
1,16,32,186,call,226,187,186,186,40,82,28,25,0,1,44
0,7,24,186,,226,187,186,186,0,0,0,0,0,0,0
1,32,16,187,call,227,188,187,187,63,34,25,29,1,0,44
0,22,3,187,,227,188,187,187,12,4,0,0,0,0,35
1,16,32,188,call,228,189,188,188,41,83,29,26,0,1,44
0,29,24,188,,228,189,188,188,3,0,0,0,0,0,0
1,16,32,189,call,229,190,189,189,42,84,30,26,0,1,44
0,26,11,189,,229,190,189,189,3,5,0,0,0,0,9
1,32,16,190,call,230,191,190,190,64,35,26,31,1,0,44
0,20,37,190,,230,191,190,190,2,3,0,0,0,0,6
1,32,16,191,call,231,192,191,191,65,36,27,31,1,0,44
0,23,28,191,,231,192,191,191,0,0,0,0,0,0,0
1,16,32,192,call,232,193,192,192,43,85,31,28,0,1,44
0,2,12,192,,232,193,192,192,1,0,0,0,0,0,0
1,32,16,193,call,233,194,193,193,66,37,28,32,1,0,44
0,10,8,193,,233,194,193,193,2,1,0,0,0,0,0
1,16,32,194,call,234,195,194,194,44,86,32,29,0,1,44
0,34,37,194,,234,195,194,194,0,3,0,0,0,0,0
1,32,16,195,call,235,196,195,195,67,38,29,33,1,0,44
0,1,25,195,,235,196,195,195,0,0,0,0,0,0,0
1,16,32,196,call,236,197,196,196,45,87,33,30,0,1,44
0,1,10,196,,236,197,196,196,0,1,0,0,0,0,0
1,32,16,197,call,237,198,197,197,68,39,30,34,1,0,44
0,29,25,197,,237,198,197,197,3,0,0,0,0,0,0
1,16,32,198,call,238,199,198,198,46,88,34,31,0,1,44
0,19,4,198,,238,199,198,198,3,0,0,0,0,0,0
1,32,16,199,call,239,200,199,199,69,40,31,35,1,0,44
1,16,32,200,call,240,201,200,200,47,89,35,32,0,1,44
0,20,17,200,,240,201,200,200,2,0,0,0,0,0,0
1,32,16,201,call,241,202,201,201,70,41,32,36,1,0,44
0,7,17,201,,241,202,201,201,0,0,0,0,0,0,0
1,22,32,202,call,242,203,202,202,12,90,7,8,0,1,48
0,11,21,202,,242,203,202,202,7,0,0,0,0,0,0
1,32,22,203,call,243,204,203,203,71,13,8,8,1,0,48
0,11,36,203,,243,204,203,203,7,14,0,0,0,0,33
1,24,32,204,call,244,205,204,204,2,91,0,0,0,1,10
0,1,17,204,,244,205,204,204,0,0,0,0,0,0,0
1,32,24,205,call,245,206,205,205,72,0,0,1,1,0,10
0,7,3,205,,245,206,205,205,0,4,0,0,0,0,0
1,24,32,206,call,246,207,206,206,3,92,1,1,0,1,10
0,14,32,206,,246,207,206,206,0,92,0,0,1,1,0
1,32,24,207,call,247,208,207,207,73,1,1,2,1,0,10
1,16,32,208,call,248,209,208,208,48,93,36,33,0,1,46
0,34,21,208,,248,209,208,208,0,0,0,0,0,0,0
1,32,16,209,call,249,210,209,209,74,42,33,37,1,0,46
0,35,6,209,,249,210,209,209,0,0,0,0,0,0,0
1,16,32,210,call,250,211,210,210,49,94,37,34,0,1,46
1,32,24,211,call,251,212,211,211,75,2,2,2,1,0,10
0,20,9,211,,251,212,211,211,2,0,0,0,0,0,0
1,24,32,212,call,252,213,212,212,4,95,2,3,0,1,10
0,25,33,212,,252,213,212,212,0,0,0,0,0,0,0
1,16,32,213,call,253,214,213,213,50,96,38,34,0,1,46
0,5,12,213,,253,214,213,213,2,0,0,0,0,0,0
1,30,16,214,call,254,215,214,214,0,43,0,0,0,0,0
0,20,32,214,,254,215,214,214,2,97,2,2,0,1,0
1,16,30,215,call,255,216,215,215,51,0,0,1,0,0,0
0,21,7,215,,255,216,215,215,0,0,0,0,0,0,0
1,30,16,216,call,256,217,216,216,1,44,1,1,0,0,0
0,7,25,216,,256,217,216,216,0,0,0,0,0,0,0
1,16,30,217,call,257,218,217,217,52,1,1,2,0,0,0
0,5,12,217,,257,218,217,217,2,0,0,0,0,0,0
1,30,16,218,call,258,219,218,218,2,45,2,2,0,0,0
0,27,23,218,,258,219,218,218,6,0,0,0,0,0,0
1,16,30,219,call,259,220,219,219,53,2,2,3,0,0,0
0,13,11,219,,259,220,219,219,0,5,0,0,1,0,0
1,32,15,220,call,260,221,220,220,76,8,5,5,1,0,18
0,29,35,220,,260,221,220,220,3,2,0,0,0,0,0
1,15,32,221,call,261,222,221,221,7,97,5,6,0,1,18
0,13,26,221,,261,222,221,221,0,5,0,0,1,0,0
1,32,15,222,call,262,223,222,222,77,9,6,6,1,0,18
0,5,37,222,,262,223,222,222,2,3,0,0,0,0,6
1,15,32,223,call,263,224,223,223,8,98,6,7,0,1,18
0,23,1,223,,263,224,223,223,0,0,0,0,0,0,0
1,32,15,224,call,264,225,224,224,78,10,7,7,1,0,18
0,36,7,224,,264,225,224,224,13,0,0,0,0,0,0
1,32,15,225,call,265,226,225,225,79,11,8,7,1,0,18
0,7,27,225,,265,226,225,225,0,1,0,0,0,0,0
1,15,32,226,call,266,227,226,226,9,99,7,9,0,1,18
0,15,3,226,,266,227,226,226,9,4,0,0,0,0,35
1,32,15,227,call,267,228,227,227,80,12,9,8,1,0,18
1,15,32,228,call,268,229,228,228,10,100,8,10,0,1,18
1,32,23,229,call,269,230,229,229,81,0,0,0,1,0,0
0,24,32,229,,269,230,229,229,5,101,3,3,0,1,10
1,23,32,230,call,270,231,230,230,0,101,0,1,0,1,0
0,23,4,230,,270,231,230,230,0,0,0,0,0,0,0
1,32,23,231,call,271,232,231,231,82,1,1,1,1,0,0
0,29,25,231,,271,232,231,231,3,0,0,0,0,0,0
1,23,32,232,call,272,233,232,232,1,102,1,2,0,1,0
0,2,18,232,,272,233,232,232,1,1,0,0,0,0,0
1,32,23,233,call,273,234,233,233,83,2,2,2,1,0,0
0,7,24,233,,273,234,233,233,0,3,0,0,0,0,0
1,23,32,234,call,274,235,234,234,2,103,2,3,0,1,0
1,32,23,235,call,275,236,235,235,84,3,3,3,1,0,0
0,7,11,235,,275,236,235,235,0,5,0,0,0,0,0
1,23,32,236,call,276,237,236,236,3,104,3,4,0,1,0
0,26,34,236,,276,237,236,236,3,0,0,0,0,0,0
1,32,23,237,call,277,238,237,237,85,4,4,4,1,0,0
0,13,34,237,,277,238,237,237,0,0,0,0,1,0,0
1,23,32,238,call,278,239,238,238,4,105,4,5,0,1,0
0,1,14,238,,278,239,238,238,0,1,0,0,0,1,0
1,32,19,239,call,279,240,239,239,86,2,2,3,1,0,0
0,37,7,239,,279,240,239,239,4,0,0,0,0,0,0
1,19,32,240,call,280,241,240,240,3,106,3,3,0,1,0
0,21,17,240,,280,241,240,240,0,0,0,0,0,0,0
1,32,19,241,call,281,242,241,241,87,3,3,4,1,0,0
0,16,28,241,,281,242,241,241,54,0,0,0,0,0,0
1,19,32,242,call,282,243,242,242,4,107,4,4,0,1,0
0,32,35,242,,282,243,242,242,88,2,0,0,1,0,0
1,32,18,243,call,283,244,243,243,88,1,1,2,1,0,0
0,23,19,243,,283,244,243,243,5,4,0,0,0,0,25
1,15,16,244,call,284,245,244,244,11,46,0,0,0,0,355
0,10,14,244,,284,245,244,244,2,1,0,0,0,1,0
1,32,18,245,call,285,246,245,245,89,2,2,2,1,0,0
0,30,1,245,,285,246,245,245,3,0,0,0,0,0,0
1,16,32,246,call,286,247,246,246,54,108,39,34,0,1,46
0,33,7,246,,286,247,246,246,0,0,0,0,0,0,0
1,32,16,247,call,287,248,247,247,90,47,34,40,1,0,46
0,4,22,247,,287,248,247,247,0,14,0,0,0,0,0
1,16,32,248,call,288,249,248,248,55,109,40,35,0,1,46
0,26,13,248,,288,249,248,248,3,0,0,0,0,1,0
1,32,16,249,call,289,250,249,249,91,48,35,41,1,0,46
0,21,8,249,,289,250,249,249,0,1,0,0,0,0,0
1,15,16,250,call,290,251,250,250,12,49,1,0,0,0,373
0,9,11,250,,290,251,250,250,0,5,0,0,0,0,0
1,16,15,251,call,291,252,251,251,56,13,0,2,0,0,373
0,30,23,251,,291,252,251,251,3,5,0,0,0,0,0
1,15,16,252,call,292,253,252,252,13,50,2,1,0,0,373
0,3,26,252,,292,253,252,252,5,5,0,0,0,0,15
1,16,15,253,call,293,254,253,253,57,14,1,3,0,0,373
0,13,27,253,,293,254,253,253,0,1,0,0,1,0,0
1,15,16,254,call,294,255,254,254,14,51,3,2,0,0,373
0,17,33,254,,294,255,254,254,0,0,0,0,0,0,0
1,16,15,255,call,295,256,255,255,58,15,2,4,0,0,373
0,19,25,255,,295,256,255,255,5,0,0,0,0,0,0
1,25,32,256,call,296,257,256,256,0,110,0,0,0,1,0
0,15,1,256,,296,257,256,256,15,0,0,0,0,0,0
1,32,25,257,call,297,258,257,257,92,0,0,1,1,0,0
0,8,34,257,,297,258,257,257,5,0,0,0,0,0,0
1,25,32,258,call,298,259,258,258,1,111,1,1,0,1,0
0,28,3,258,,298,259,258,258,0,4,0,0,0,0,0
1,32,25,259,call,299,260,259,259,93,1,1,2,1,0,0
0,10,5,259,,299,260,259,259,2,2,0,0,0,0,0
1,1,4,260,call,300,261,260,260,0,0,0,0,0,0,0
0,27,19,260,,300,261,260,260,6,4,0,0,0,0,30
1,4,1,261,call,301,262,261,261,0,0,0,1,0,0,0
0,29,37,261,,301,262,261,261,3,3,0,0,0,0,9
1,1,4,262,call,302,263,262,262,1,1,1,1,0,0,0
0,35,36,262,,302,263,262,262,0,14,0,0,0,0,0
1,4,1,263,call,303,264,263,263,1,1,1,2,0,0,0
0,34,6,263,,303,264,263,263,0,0,0,0,0,0,0
1,1,4,264,call,304,265,264,264,2,2,2,2,0,0,0
0,14,36,264,,304,265,264,264,0,14,0,0,1,0,0
1,4,1,265,call,305,266,265,265,2,2,2,3,0,0,0
0,16,18,265,,305,266,265,265,59,3,0,0,0,0,82
1,1,4,266,call,306,267,266,266,3,3,3,3,0,0,0
0,13,12,266,,306,267,266,266,0,0,0,0,1,0,0
1,4,1,267,call,307,268,267,267,3,3,3,4,0,0,0
0,6,12,267,,307,268,267,267,0,0,0,0,0,0,0
1,1,4,268,call,308,269,268,268,4,4,4,4,0,0,0
0,5,30,268,,308,269,268,268,2,3,0,0,0,0,0
1,16,32,269,call,309,270,269,269,59,112,41,36,0,1,76
0,14,12,269,,309,270,269,269,0,0,0,0,1,0,0
1,32,16,270,call,310,271,270,270,94,52,36,42,1,0,76
0,12,34,270,,310,271,270,270,0,0,0,0,0,0,0
1,16,32,271,call,311,272,271,271,60,113,42,37,0,1,76
0,32,31,271,,311,272,271,271,95,2,0,1,1,0,10
1,32,16,272,call,312,273,272,272,95,53,37,43,1,0,76
0,32,22,272,,312,273,272,272,95,14,9,8,1,0,67
1,16,32,273,call,313,274,273,273,61,114,43,38,0,1,76
0,8,3,273,,313,274,273,273,5,4,0,0,0,0,15
1,32,16,274,call,314,275,274,274,96,54,38,44,1,0,76
0,15,28,274,,314,275,274,274,15,0,0,0,0,0,0
1,16,32,275,call,315,276,275,275,62,115,44,39,0,1,76
0,18,10,275,,315,276,275,275,2,1,0,0,0,0,0
1,18,32,276,call,316,277,276,276,2,116,2,3,0,1,0
0,16,4,276,,316,277,276,276,63,5,0,0,0,0,0
1,32,18,277,call,317,278,277,277,97,3,3,3,1,0,0
0,24,9,277,,317,278,277,277,5,0,0,0,0,0,0
1,18,32,278,call,318,279,278,278,3,117,3,4,0,1,0
0,36,21,278,,318,279,278,278,13,0,0,0,0,0,0
1,32,18,279,call,319,280,279,279,98,4,4,4,1,0,0
0,8,10,279,,319,280,279,279,5,1,0,0,0,0,0
1,18,32,280,call,320,281,280,280,4,118,4,5,0,1,0
0,12,1,280,,320,281,280,280,0,4,0,0,0,0,0
1,32,18,281,call,321,282,281,281,99,5,5,5,1,0,0
0,26,24,281,,321,282,281,281,3,3,0,0,0,0,9
1,18,32,282,call,322,283,282,282,5,119,5,6,0,1,0
0,8,18,282,,322,283,282,282,5,6,0,0,0,0,15
1,32,18,283,call,323,284,283,283,100,6,6,6,1,0,0
0,14,16,283,,323,284,283,283,0,55,0,0,1,0,0
1,18,32,284,call,324,285,284,284,6,120,6,7,0,1,0
0,11,32,284,,324,285,284,284,7,120,3,0,0,1,126
1,32,18,285,call,325,286,285,285,101,7,7,7,1,0,0
1,18,32,286,call,326,287,286,286,7,121,7,8,0,1,0
0,25,18,286,,326,287,286,286,2,8,0,0,0,0,14
1,32,18,287,call,327,288,287,287,102,8,8,8,1,0,0
0,26,3,287,,327,288,287,287,3,4,0,0,0,0,15
1,18,32,288,call,328,289,288,288,8,122,8,9,0,1,0
0,23,22,288,,328,289,288,288,5,14,0,0,0,0,40
1,25,32,289,call,329,290,289,289,2,123,2,2,0,1,0
0,34,21,289,,329,290,289,289,0,0,0,0,0,0,0
1,32,16,290,call,330,291,290,290,103,55,39,45,1,0,76
0,11,17,290,,330,291,290,290,7,0,0,0,0,0,0
1,16,32,291,call,331,292,291,291,63,124,45,40,0,1,76
0,22,26,291,,331,292,291,291,13,5,0,0,0,0,24
1,32,16,292,call,332,293,292,292,104,56,40,46,1,0,76
0,32,33,292,,332,293,292,292,104,0,0,0,1,0,0
1,16,32,293,call,333,294,293,293,64,125,46,41,0,1,76
0,11,5,293,,333,294,293,293,7,2,0,0,0,0,6
1,32,16,294,call,334,295,294,294,105,57,41,47,1,0,76
0,22,35,294,,334,295,294,294,13,2,0,0,0,0,0
1,16,32,295,call,335,296,295,295,65,126,47,42,0,1,76
0,12,25,295,,335,296,295,295,0,2,0,0,0,0,0
1,32,16,296,call,336,297,296,296,106,58,42,48,1,0,76
0,7,21,296,,336,297,296,296,0,0,0,0,0,0,0
1,16,32,297,call,337,298,297,297,66,127,48,43,0,1,76
0,31,15,297,,337,298,297,297,3,16,0,0,0,0,9
1,32,16,298,call,338,299,298,298,107,59,43,49,1,0,76
0,35,36,298,,338,299,298,298,0,14,0,0,0,0,0
1,16,32,299,call,339,300,299,299,67,128,49,44,0,1,76
0,8,28,299,,339,300,299,299,5,0,0,0,0,0,0
1,32,16,300,call,340,301,300,300,108,60,44,50,1,0,76
0,24,34,300,,340,301,300,300,5,0,0,0,0,0,0
1,16,32,301,call,341,302,301,301,68,129,50,45,0,1,76
0,30,13,301,,341,302,301,301,3,0,0,0,0,1,0
1,32,16,302,call,342,303,302,302,109,61,45,51,1,0,76
0,25,36,302,,342,303,302,302,3,14,0,0,0,0,18
1,22,32,303,call,343,304,303,303,13,130,8,9,0,1,76
0,20,25,303,,343,304,303,303,2,2,0,0,0,0,6
1,32,22,304,call,344,305,304,304,110,14,9,9,1,0,76
0,23,8,304,,344,305,304,304,5,1,0,0,0,0,15
1,22,32,305,call,345,306,305,305,14,131,9,10,0,1,76
0,12,10,305,,345,306,305,305,0,1,0,0,0,0,0
1,25,32,306,call,346,307,306,306,3,132,3,2,0,1,0
0,26,13,306,,346,307,306,306,3,0,0,0,0,1,0
1,32,25,307,call,347,308,307,307,111,2,2,4,1,0,0
0,17,25,307,,347,308,307,307,0,2,0,0,0,0,0
1,25,32,308,call,348,309,308,308,4,133,4,3,0,1,0
0,37,24,308,,348,309,308,308,4,3,0,0,0,0,9
1,22,32,309,call,349,310,309,309,15,134,10,10,0,1,76
0,19,34,309,,349,310,309,309,5,0,0,0,0,0,0
1,32,22,310,call,350,311,310,310,112,15,10,11,1,0,76
0,37,12,310,,350,311,310,310,4,0,0,0,0,0,0
1,22,32,311,call,351,312,311,311,16,135,11,11,0,1,76
0,27,21,311,,351,312,311,311,6,0,0,0,0,0,0
1,32,16,312,call,352,313,312,312,113,62,46,51,1,0,80
0,33,5,312,,352,313,312,312,0,2,0,0,0,0,0
1,25,32,313,call,353,314,313,313,5,136,5,3,0,1,0
0,20,16,313,,353,314,313,313,2,63,0,0,0,0,102
1,32,25,314,call,354,315,314,314,114,3,3,6,1,0,0
0,34,9,314,,354,315,314,314,0,0,0,0,0,0,0
1,25,32,315,call,355,316,315,315,6,137,6,4,0,1,0
0,26,13,315,,355,316,315,315,3,0,0,0,0,1,0
1,32,25,316,call,356,317,316,316,115,4,4,7,1,0,0
0,16,15,316,,356,317,316,316,69,16,3,4,0,0,463
1,21,32,317,call,357,318,317,317,0,138,0,0,0,1,0
0,36,33,317,,357,318,317,317,13,0,0,0,0,0,0
1,32,21,318,call,358,319,318,318,116,0,0,1,1,0,0
0,19,1,318,,358,319,318,318,5,4,0,0,0,0,0
1,21,32,319,call,359,320,319,319,1,139,1,1,0,1,0
0,17,11,319,,359,320,319,319,0,5,0,0,0,0,0
1,32,21,320,call,360,321,320,320,117,1,1,2,1,0,0
0,12,37,320,,360,321,320,320,0,3,0,0,0,0,0
1,21,32,321,call,361,322,321,321,2,140,2,2,0,1,0
0,30,36,321,,361,322,321,321,3,14,0,0,0,0,15
1,32,21,322,call,362,323,322,322,118,2,2,3,1,0,0
0,12,2,322,,362,323,322,322,0,1,0,0,0,0,0
1,21,32,323,call,363,324,323,323,3,141,3,3,0,1,0
0,31,17,323,,363,324,323,323,3,0,0,0,0,0,0
1,25,32,324,call,364,325,324,324,7,142,7,5,0,1,0
0,7,28,324,,364,325,324,324,0,0,0,0,0,0,0
1,32,25,325,call,365,326,325,325,119,5,5,8,1,0,0
0,24,1,325,,365,326,325,325,5,4,0,0,0,0,0
1,16,36,326,call,366,327,326,326,69,14,5,5,0,0,306
0,15,12,326,,366,327,326,326,15,0,0,0,0,0,0
1,36,16,327,call,367,328,327,327,13,63,5,6,0,0,306
0,37,30,327,,367,328,327,327,4,3,0,0,0,0,0
1,36,16,328,call,368,329,328,328,14,64,6,6,0,0,306
0,37,22,328,,368,329,328,328,4,16,0,0,0,0,36
1,16,36,329,call,369,330,329,329,70,15,6,7,0,0,306
0,10,25,329,,369,330,329,329,2,6,0,0,0,0,0
1,36,16,330,call,370,331,330,330,15,65,7,7,0,0,306
0,1,36,330,,370,331,330,330,5,16,0,0,0,0,0
1,16,36,331,call,371,332,331,331,71,16,7,8,0,0,306
0,37,13,331,,371,332,331,331,4,0,0,0,0,1,0
1,32,16,332,call,372,333,332,332,120,66,47,51,1,0,95
0,23,10,332,,372,333,332,332,5,1,0,0,0,0,0
1,16,32,333,call,373,334,333,333,72,143,51,48,0,1,95
0,18,2,333,,373,334,333,333,9,1,0,0,0,0,0
1,31,32,334,call,374,335,334,334,3,144,1,0,0,1,10
0,31,29,334,,374,335,334,334,3,1,0,0,0,0,3
1,32,31,335,call,375,336,335,335,121,2,0,2,1,0,10
0,8,14,335,,375,336,335,335,5,1,0,0,0,1,0
1,31,32,336,call,376,337,336,336,4,145,2,1,0,1,10
0,19,28,336,,376,337,336,336,5,0,0,0,0,0,0
1,32,31,337,call,377,338,337,337,122,3,1,3,1,0,10
0,30,33,337,,377,338,337,337,3,0,0,0,0,0,0
1,31,32,338,call,378,339,338,338,5,146,3,2,0,1,10
0,17,30,338,,378,339,338,338,0,3,0,0,0,0,0
1,32,31,339,call,379,340,339,339,123,4,2,4,1,0,10
0,30,10,339,,379,340,339,339,3,1,0,0,0,0,0
1,32,16,340,call,380,341,340,340,124,67,48,52,1,0,95
0,1,31,340,,380,341,340,340,5,5,0,0,0,0,0
1,16,32,341,call,381,342,341,341,73,147,52,49,0,1,95
0,35,22,341,,381,342,341,341,0,16,0,0,0,0,0
1,32,16,342,call,382,343,342,342,125,68,49,53,1,0,95
0,5,18,342,,382,343,342,342,2,9,0,0,0,0,18
1,16,32,343,call,383,344,343,343,74,148,53,50,0,1,95
0,8,18,343,,383,344,343,343,5,9,0,0,0,0,27
1,30,32,344,call,384,345,344,344,3,149,0,0,0,1,150
0,7,20,344,,384,345,344,344,0,2,0,0,0,0,0
1,32,30,345,call,385,346,345,345,126,3,0,1,1,0,150
0,34,36,345,,385,346,345,345,0,17,0,0,0,0,0
1,30,32,346,call,386,347,346,346,4,150,1,1,0,1,150
0,10,28,346,,386,347,346,346,2,0,0,0,0,0,0
1,9,32,347,call,387,348,347,347,0,151,0,0,0,1,0
0,27,33,347,,387,348,347,347,6,0,0,0,0,0,0
1,6,32,348,call,388,349,348,348,0,152,0,0,0,1,0
0,34,5,348,,388,349,348,348,0,2,0,0,0,0,0
1,22,32,349,call,389,350,349,349,17,153,12,11,0,1,80
0,37,25,349,,389,350,349,349,4,6,0,0,0,0,24
1,32,22,350,call,390,351,350,350,127,16,11,13,1,0,80
0,23,32,350,,390,351,350,350,5,154,5,5,0,1,0
1,22,32,351,call,391,352,351,351,18,154,13,12,0,1,80
0,8,21,351,,391,352,351,351,5,3,0,0,0,0,12
1,32,22,352,call,392,353,352,352,128,17,12,14,1,0,80
0,15,11,352,,392,353,352,352,15,5,0,0,0,0,41
1,34,32,353,call,393,354,353,353,0,155,0,0,0,1,0
0,29,10,353,,393,354,353,353,3,1,0,0,0,0,0
1,32,34,354,call,394,355,354,354,129,0,0,1,1,0,0
0,32,37,354,,394,355,354,354,129,3,3,3,1,0,0
1,34,32,355,call,395,356,355,355,1,156,1,1,0,1,0
0,13,37,355,,395,356,355,355,0,3,0,0,1,0,0
1,32,34,356,call,396,357,356,356,130,1,1,2,1,0,0
0,19,15,356,,396,357,356,356,5,16,0,0,0,0,45
1,32,22,357,call,397,358,357,357,131,18,13,14,1,0,80
1,22,32,358,call,398,359,358,358,19,157,14,14,0,1,80
0,29,28,358,,398,359,358,358,3,0,0,0,0,0,0
1,21,36,359,call,399,360,359,359,4,17,0,0,0,0,24
0,4,9,359,,399,360,359,359,4,0,0,0,0,0,0
1,16,21,360,call,400,361,360,360,75,3,0,0,0,0,224
0,14,21,360,,400,361,360,360,0,3,0,0,1,0,0
1,16,32,361,call,401,362,361,361,76,158,54,50,0,1,107
0,15,10,361,,401,362,361,361,15,1,0,0,0,0,0
1,32,16,362,call,402,363,362,362,132,69,50,55,1,0,107
0,37,29,362,,402,363,362,362,4,1,0,0,0,0,9
1,16,32,363,call,403,364,363,363,77,159,55,51,0,1,107
0,32,17,363,,403,364,363,363,133,0,0,0,1,0,0
1,32,16,364,call,404,365,364,364,133,70,51,56,1,0,107
0,18,11,364,,404,365,364,364,9,5,0,0,0,0,27
1,16,32,365,call,405,366,365,365,78,160,56,52,0,1,107
0,19,8,365,,405,366,365,365,5,1,0,0,0,0,15
1,32,22,366,call,406,367,366,366,134,19,14,15,1,0,82
0,15,5,366,,406,367,366,366,15,2,0,0,0,0,18
1,22,32,367,call,407,368,367,367,20,161,15,15,0,1,82
0,27,3,367,,407,368,367,367,6,4,0,0,0,0,30
1,32,22,368,call,408,369,368,368,135,20,15,16,1,0,82
0,12,27,368,,408,369,368,368,0,1,0,0,0,0,0
1,22,32,369,call,409,370,369,369,21,162,16,16,0,1,82
0,16,25,369,,409,370,369,369,79,6,0,0,0,0,456
1,33,32,370,call,410,371,370,370,0,163,0,0,0,1,0
0,33,35,370,,410,371,370,370,0,2,0,0,0,0,0
1,33,32,371,call,411,372,371,371,1,164,1,0,0,1,0
0,5,23,371,,411,372,371,371,2,5,0,0,0,0,10
1,32,16,372,call,412,373,372,372,136,71,52,57,1,0,111
0,27,25,372,,412,373,372,372,6,6,0,0,0,0,48
1,32,33,373,call,413,374,373,373,137,0,0,2,1,0,0
0,15,23,373,,413,374,373,373,15,5,0,0,0,0,45
1,16,32,374,call,414,375,374,374,79,165,57,53,0,1,111
0,14,5,374,,414,375,374,374,0,2,0,0,1,0,0
1,32,16,375,call,415,376,375,375,138,72,53,58,1,0,111
0,5,33,375,,415,376,375,375,2,1,0,0,0,0,4
1,16,32,376,call,416,377,376,376,80,166,58,54,0,1,111
0,2,1,376,,416,377,376,376,1,4,0,0,0,0,0
1,32,33,377,call,417,378,377,377,139,1,1,2,1,0,0
0,13,18,377,,417,378,377,377,0,9,0,0,1,0,0
1,33,32,378,call,418,379,378,378,2,167,2,2,0,1,0
0,9,11,378,,418,379,378,378,1,5,0,0,0,0,3
1,16,15,379,call,419,380,379,379,81,16,3,4,0,0,535
0,4,31,379,,419,380,379,379,4,5,0,0,0,0,0
1,15,16,380,call,420,381,380,380,15,73,4,4,0,0,535
0,20,21,380,,420,381,380,380,2,4,0,0,0,0,8
1,16,15,381,call,421,382,381,381,82,17,4,5,0,0,535
0,24,17,381,,421,382,381,381,5,0,0,0,0,0,0
1,15,16,382,call,422,383,382,382,16,74,5,5,0,0,535
0,13,27,382,,422,383,382,382,0,1,0,0,1,0,0
1,32,16,383,call,423,384,383,383,140,75,54,59,1,0,131
0,37,10,383,,423,384,383,383,4,1,0,0,0,0,0
1,16,32,384,call,424,385,384,384,83,168,59,55,0,1,131
0,10,32,384,,424,385,384,384,2,168,0,0,0,1,4
1,17,32,385,call,425,386,385,385,0,169,0,0,0,1,0
0,24,19,385,,425,386,385,385,5,4,0,0,0,0,15
1,32,17,386,call,426,387,386,386,141,0,0,1,1,0,0
0,20,4,386,,426,387,386,386,2,5,0,0,0,0,0
1,16,17,387,call,427,388,387,387,84,1,0,0,0,0,60
0,27,34,387,,427,388,387,387,6,2,0,0,0,0,12
1,21,36,388,call,428,389,388,388,5,18,1,0,0,0,24
0,33,28,388,,428,389,388,388,3,0,0,0,0,0,0
1,36,21,389,call,429,390,389,389,16,4,0,2,0,0,24
0,3,30,389,,429,390,389,389,5,4,0,0,0,0,10
1,21,36,390,call,430,391,390,390,6,19,2,1,0,0,24
0,16,33,390,,430,391,390,390,85,2,0,0,0,0,180
1,36,21,391,call,431,392,391,391,17,5,1,3,0,0,24
0,29,35,391,,431,392,391,391,3,2,0,0,0,0,0
1,21,36,392,call,432,393,392,392,7,20,3,2,0,0,24
0,31,36,392,,432,393,392,392,6,20,2,2,0,0,24
1,36,21,393,call,433,394,393,393,18,6,2,4,0,0,24
0,10,21,393,,433,394,393,393,2,6,0,0,0,0,0
1,21,36,394,call,434,395,394,394,8,21,4,3,0,0,24
0,24,14,394,,434,395,394,394,5,1,0,0,0,1,0
1,32,16,395,call,435,396,395,395,142,76,55,60,1,0,132
0,8,18,395,,435,396,395,395,5,9,0,0,0,0,27
1,16,32,396,call,436,397,396,396,85,170,60,56,0,1,132
0,32,33,396,,436,397,396,396,143,2,2,3,1,0,0
1,32,16,397,call,437,398,397,397,143,77,56,61,1,0,132
0,14,6,397,,437,398,397,397,0,0,0,0,1,0,0
1,16,32,398,call,438,399,398,398,86,171,61,57,0,1,132
0,17,3,398,,438,399,398,398,1,4,0,0,0,0,5
1,16,32,399,call,439,400,399,399,87,172,62,57,0,1,132
0,15,25,399,,439,400,399,399,17,6,0,0,0,0,72
1,32,16,400,call,440,401,400,400,144,78,57,63,1,0,132
0,24,25,400,,440,401,400,400,5,6,0,0,0,0,24
1,32,16,401,call,441,402,401,401,145,79,58,63,1,0,132
0,27,18,401,,441,402,401,401,6,9,0,0,0,0,54
1,16,32,402,call,442,403,402,402,88,173,63,59,0,1,132
0,7,24,402,,442,403,402,402,0,3,0,0,0,0,0
1,32,16,403,call,443,404,403,403,146,80,59,64,1,0,132
0,19,4,403,,443,404,403,403,5,5,0,0,0,0,0
1,16,32,404,call,444,405,404,404,89,174,64,60,0,1,132
0,21,13,404,,444,405,404,404,9,0,0,0,0,1,0
1,32,16,405,call,445,406,405,405,147,81,60,65,1,0,132
0,16,12,405,,445,406,405,405,90,0,0,0,0,0,0
1,24,16,406,call,446,407,406,406,5,82,0,0,0,0,211
0,28,34,406,,446,407,406,406,0,2,0,0,0,0,0
1,16,24,407,call,447,408,407,407,90,3,0,1,0,0,211
0,15,32,407,,447,408,407,407,17,175,9,10,0,1,398
1,24,16,408,call,448,409,408,408,6,83,1,1,0,0,211
0,22,36,408,,448,409,408,408,22,22,0,0,0,0,110
1,16,24,409,call,449,410,409,409,91,4,1,2,0,0,211
0,29,9,409,,449,410,409,409,3,0,0,0,0,0,3
1,25,32,410,call,450,411,410,410,8,175,8,6,0,1,0
0,5,25,410,,450,411,410,410,2,6,0,0,0,0,16
1,32,16,411,call,451,412,411,411,148,84,61,65,1,0,138
0,21,6,411,,451,412,411,411,9,0,0,0,0,0,4
1,16,32,412,call,452,413,412,412,92,176,65,62,0,1,138
0,5,2,412,,452,413,412,412,2,1,0,0,0,0,0
1,32,16,413,call,453,414,413,413,149,85,62,66,1,0,138
0,5,23,413,,453,414,413,413,2,5,0,0,0,0,10
1,16,32,414,call,454,415,414,414,93,177,66,63,0,1,138
0,27,31,414,,454,415,414,414,6,5,0,0,0,0,24
1,32,16,415,call,455,416,415,415,150,86,63,67,1,0,138
0,3,28,415,,455,416,415,415,5,0,0,0,0,0,0
1,21,32,416,call,456,417,416,416,9,178,4,3,0,1,25
0,3,11,416,,456,417,416,416,5,5,0,0,0,0,15
1,32,21,417,call,457,418,417,417,151,7,3,5,1,0,25
0,10,5,417,,457,418,417,417,2,2,0,0,0,0,0
1,21,32,418,call,458,419,418,418,10,179,5,4,0,1,25
0,33,27,418,,458,419,418,418,3,1,0,0,0,0,18
1,21,30,419,call,459,420,419,419,11,4,0,0,0,0,12
0,2,34,419,,459,420,419,419,1,2,0,0,0,0,0
1,32,16,420,call,460,421,420,420,152,87,64,67,1,0,139
0,20,32,420,,460,421,420,420,2,180,2,2,0,1,0
1,16,32,421,call,461,422,421,421,94,180,67,65,0,1,139
0,34,32,421,,461,422,421,421,2,180,2,2,0,1,0
1,32,16,422,call,462,423,422,422,153,88,65,68,1,0,139
0,35,22,422,,462,423,422,422,0,21,0,0,0,0,0
1,16,32,423,call,463,424,423,423,95,181,68,66,0,1,139
0,19,17,423,,463,424,423,423,5,2,0,0,0,0,5
1,32,21,424,call,464,425,424,424,154,8,4,6,1,0,26
0,16,2,424,,464,425,424,424,96,1,0,0,0,0,0
1,21,32,425,call,465,426,425,425,12,182,6,5,0,1,26
0,7,1,425,,465,426,425,425,0,4,0,0,0,0,0
1,32,21,426,call,466,427,426,426,155,9,5,7,1,0,26
0,29,10,426,,466,427,426,426,3,1,0,0,0,0,0
1,21,36,427,call,467,428,427,427,13,22,5,3,0,0,42
0,15,26,427,,467,428,427,427,17,5,0,0,0,0,27
1,36,21,428,call,468,429,428,428,19,10,3,6,0,0,42
0,15,7,428,,468,429,428,428,17,0,0,0,0,0,0
1,21,36,429,call,469,430,429,429,14,23,6,4,0,0,42
0,12,10,429,,469,430,429,429,0,1,0,0,0,0,0
1,36,21,430,call,470,431,430,430,20,11,4,7,0,0,42
0,24,17,430,,470,431,430,430,7,2,0,0,0,0,3
1,21,36,431,call,471,432,431,431,15,24,7,5,0,0,42
0,3,33,431,,471,432,431,431,5,2,0,0,0,0,15
1,36,21,432,call,472,433,432,432,21,12,5,8,0,0,42
0,7,37,432,,472,433,432,432,0,3,0,0,0,0,0
1,21,36,433,call,473,434,433,433,16,25,8,6,0,0,42
0,27,29,433,,473,434,433,433,6,1,0,0,0,0,18
1,30,32,434,call,474,435,434,434,5,183,2,1,0,1,198
0,34,24,434,,474,435,434,434,2,5,0,0,0,0,6
1,32,30,435,call,475,436,435,435,156,5,1,3,1,0,198
0,18,26,435,,475,436,435,435,9,5,0,0,0,0,27
1,30,32,436,call,476,437,436,436,6,184,3,2,0,1,198
0,7,11,436,,476,437,436,436,0,5,0,0,0,0,0
1,32,30,437,call,477,438,437,437,157,6,2,4,1,0,198
0,37,35,437,,477,438,437,437,4,2,0,0,0,0,0
1,30,32,438,call,478,439,438,438,7,185,4,3,0,1,198
0,10,4,438,,478,439,438,438,2,5,0,0,0,0,0
1,16,32,439,call,479,440,439,439,96,186,69,66,0,1,147
0,32,2,439,,479,440,439,439,158,1,0,0,1,0,0
1,32,16,440,call,480,441,440,440,158,89,66,70,1,0,147
0,31,22,440,,480,441,440,440,6,21,0,0,0,0,68
1,16,32,441,call,481,442,441,441,97,187,70,67,0,1,147
0,25,28,441,,481,442,441,441,9,0,0,0,0,0,0
1,32,16,442,call,482,443,442,442,159,90,67,71,1,0,147
0,9,4,442,,482,443,442,442,1,5,0,0,0,0,0
1,24,16,443,call,483,444,443,443,7,91,2,2,0,0,229
1,16,24,444,call,484,445,444,444,98,5,2,3,0,0,229
0,28,14,444,,484,445,444,444,0,1,0,0,0,1,0
1,24,16,445,call,485,446,445,445,8,92,3,3,0,0,229
0,21,10,445,,485,446,445,445,17,1,0,0,0,0,0
1,16,24,446,call,486,447,446,446,99,6,3,4,0,0,229
0,8,34,446,,486,447,446,446,5,2,0,0,0,0,6
1,24,16,447,call,487,448,447,447,9,93,4,4,0,0,229
0,21,29,447,,487,448,447,447,17,1,0,0,0,0,21
1,16,24,448,call,488,449,448,448,100,7,4,5,0,0,229
0,12,9,448,,488,449,448,448,0,0,0,0,0,0,0
1,34,32,449,call,489,450,449,449,2,188,2,2,0,1,0
0,19,26,449,,489,450,449,449,5,5,0,0,0,0,15
1,32,34,450,call,490,451,450,450,160,2,2,3,1,0,0
0,12,10,450,,490,451,450,450,0,1,0,0,0,0,0
1,34,32,451,call,491,452,451,451,3,189,3,3,0,1,0
0,18,6,451,,491,452,451,451,9,0,0,0,0,0,9
1,12,34,452,call,492,453,452,452,0,3,0,0,0,0,0
0,9,34,452,,492,453,452,452,1,3,0,0,0,0,4
1,16,15,453,call,493,454,453,453,101,18,5,6,0,0,643
0,25,24,453,,493,454,453,453,9,8,0,0,0,0,27
1,16,32,454,call,494,455,454,454,102,190,71,68,0,1,166
0,10,37,454,,494,455,454,454,2,3,0,0,0,0,0
1,12,32,455,call,495,456,455,455,1,191,0,0,0,1,3
0,13,8,455,,495,456,455,455,0,1,0,0,1,0,0
1,32,12,456,call,496,457,456,456,161,0,0,1,1,0,3
0,3,17,456,,496,457,456,456,5,2,0,0,0,0,5
1,12,32,457,call,497,458,457,457,2,192,1,1,0,1,3
0,32,6,457,,497,458,457,457,162,0,0,1,1,0,0
1,32,12,458,call,498,459,458,458,162,1,1,2,1,0,3
0,8,2,458,,498,459,458,458,5,1,0,0,0,0,0
1,32,34,459,call,499,460,459,459,163,4,3,4,1,0,0
0,5,19,459,,499,460,459,459,2,4,0,0,0,0,10
1,34,32,460,call,500,461,460,460,4,193,4,4,0,1,0
0,21,28,460,,500,461,460,460,17,0,0,0,0,0,0
1,29,32,461,call,501,462,461,461,3,194,3,1,0,1,0
0,32,13,461,,501,462,461,461,164,0,0,0,1,1,0
1,32,29,462,call,502,463,462,462,164,1,1,4,1,0,0
0,6,17,462,,502,463,462,462,1,2,0,0,0,0,1
1,29,32,463,call,503,464,463,463,4,195,4,2,0,1,0
0,9,7,463,,503,464,463,463,1,0,0,0,0,0,0
1,32,29,464,call,504,465,464,464,165,2,2,5,1,0,0
0,9,10,464,,504,465,464,464,1,1,0,0,0,0,0
1,29,32,465,call,505,466,465,465,5,196,5,3,0,1,0
0,15,25,465,,505,466,465,465,17,6,0,0,0,0,81
1,32,29,466,call,506,467,466,466,166,3,3,6,1,0,0
0,3,21,466,,506,467,466,466,5,13,0,0,0,0,35
1,32,16,467,call,507,468,467,467,167,94,68,72,1,0,166
0,19,25,467,,507,468,467,467,5,6,0,0,0,0,45
1,16,32,468,call,508,469,468,468,103,197,72,69,0,1,166
0,33,31,468,,508,469,468,468,3,5,0,0,0,0,12
1,32,16,469,call,509,470,469,469,168,95,69,73,1,0,166
0,9,26,469,,509,470,469,469,1,5,0,0,0,0,3
1,16,32,470,call,510,471,470,470,104,198,73,70,0,1,166
0,8,25,470,,510,471,470,470,5,6,0,0,0,0,27
1,32,16,471,call,511,472,471,471,169,96,70,74,1,0,166
0,30,37,471,,511,472,471,471,8,3,0,0,0,0,15
1,16,32,472,call,512,473,472,472,105,199,74,71,0,1,166
0,20,18,472,,512,473,472,472,2,9,0,0,0,0,18
1,28,16,473,call,513,474,473,473,0,97,0,0,0,0,0
0,30,26,473,,513,474,473,473,8,5,0,0,0,0,15
1,16,28,474,call,514,475,474,474,106,0,0,1,0,0,0
0,22,15,474,,514,475,474,474,22,19,3,2,0,0,159
1,28,16,475,call,515,476,475,475,1,98,1,1,0,0,0
0,22,23,475,,515,476,475,475,22,5,0,0,0,0,85
1,28,16,476,call,516,477,476,476,2,99,2,1,0,0,0
0,30,34,476,,516,477,476,476,8,5,0,0,0,0,25
1,16,28,477,call,517,478,477,477,107,1,1,3,0,0,0
0,1,34,477,,517,478,477,477,5,5,0,0,0,0,0
1,28,16,478,call,518,479,478,478,3,100,3,2,0,0,0
0,5,26,478,,518,479,478,478,2,5,0,0,0,0,6
1,15,16,479,call,519,480,479,479,17,101,6,6,0,0,679
0,37,36,479,,519,480,479,479,4,26,0,0,0,0,18
1,32,16,480,call,520,481,480,480,170,102,71,75,1,0,166
0,17,3,480,,520,481,480,480,1,4,0,0,0,0,5
1,16,32,481,call,521,482,481,481,108,200,75,72,0,1,166
0,3,33,481,,521,482,481,481,5,2,0,0,0,0,15
